Workbook

Sheet 사용안내
A1: S서울병원 구글애즈 성과 관리 워크북
A2: 전환 추적 세팅 점검 → 월별 광고 데이터 입력 → 월간요약 자동 계산
A4: 시트 | B4: 용도
A5: 전환추적_체크리스트 | B5: 구글애즈·GA4·홈페이지 전환 추적 세팅 점검표. 상태(미착수/진행중/완료/해당없음)를 선택하세요.
A6: 캠페인_월간 | B6: 구글애즈 보고서의 월별·캠페인별 수치를 입력합니다. 노란색 칸이 입력 칸, 흰색 계산 칸은 수식입니다.
A7: 월간요약 | B7: 월별 합계, 전환당 비용, 신환 1명 확보 비용, 브랜드 검색량 변화를 자동 계산합니다.
A9: 색상 규칙 | B9: 파란 글씨 = 직접 입력하는 값 / 검정 글씨 = 수식 / 노란 배경 = 반드시 채울 입력 칸
A10: 예시 데이터 | B10: 2026-10 행의 숫자는 형식을 보여주는 가상의 예시값입니다. 실제 데이터로 덮어쓰세요.
A11: 개인정보 | B11: 환자 이름·연락처는 입력하지 마세요. 건수 같은 집계 수치만 입력합니다.

Sheet 전환추적_체크리스트
A1: 구글애즈 전환 추적 세팅 체크리스트
A2: 순서대로 점검하세요. 1~3단계가 끝나기 전에는 광고 효과 판단을 보류하는 것이 안전합니다.
A4: No | B4: 단계 | C4: 점검 항목 | D4: 방법·확인 포인트 | E4: 담당 | F4: 상태 | G4: 완료일 | H4: 비고
A5: 1 | B5: 1. 계정 연결 | C5: 구글애즈 ↔ GA4 속성 연결 | D5: 구글애즈 > 도구 > 연결된 계정 > Google 애널리틱스(GA4). GA4 > 관리 > Google Ads 링크에서도 확인 | F5: 미착수
A6: 2 | B6: 1. 계정 연결 | C6: 구글애즈 ↔ 유튜브 채널 연결 | D6: 도구 > 연결된 계정 > YouTube. 채널 소유자 권한 필요. 연결하면 조회·구독 전환과 리마케팅 목록 사용 가능 | F6: 미착수
A7: 3 | B7: 1. 계정 연결 | C7: 자동 태그 사용 설정 | D7: 구글애즈 > 설정 > 계정 설정 > 자동 태그 ON (GA4에서 광고 유입을 구분하는 데 필수) | F7: 미착수
A8: 4 | B8: 1. 계정 연결 | C8: 서치콘솔 연결 | D8: GA4 > 관리 > Search Console 연결. 자연 검색과 브랜드 검색어 변화를 확인 | F8: 미착수
A9: 5 | B9: 2. 태그 설치 | C9: 구글 태그 매니저(GTM) 설치 | D9: 홈페이지 전 페이지 head·body에 GTM 코드. 제작사에 설치 요청 가능. 미리보기 모드로 작동 확인 | F9: 미착수
A10: 6 | B10: 2. 태그 설치 | C10: GA4 기본 태그 설치 | D10: GTM에서 GA4 구성 태그, 트리거는 모든 페이지 | F10: 미착수
A11: 7 | B11: 2. 태그 설치 | C11: 구글애즈 전환 링커·리마케팅 태그 | D11: GTM에서 전환 링커 태그를 모든 페이지에 적용 | F11: 미착수
A12: 8 | B12: 3. 전환 이벤트 | C12: 전화번호 클릭 이벤트 | D12: 모바일 홈페이지의 tel: 링크 클릭을 GTM 트리거로 설정 → GA4 이벤트 → 구글애즈 전환으로 가져오기 | F12: 미착수
A13: 9 | B13: 3. 전환 이벤트 | C13: 온라인 예약·상담 신청 완료 이벤트 | D13: 신청 폼 제출 완료(감사 페이지 URL 또는 폼 제출 트리거). 버튼 클릭이 아닌 완료 시점으로 설정 | F13: 미착수
A14: 10 | B14: 3. 전환 이벤트 | C14: 카카오톡·네이버 예약 버튼 클릭 이벤트 | D14: 외부 링크 클릭 트리거로 설정. 실제 예약 완료가 아니므로 보조 전환으로 분류 | F14: 미착수
A15: 11 | B15: 3. 전환 이벤트 | C15: 오시는 길·지도 클릭 이벤트 | D15: 보조 전환으로 설정. 전환 수치에 포함할지 여부를 정해 두기 | F15: 미착수
A16: 12 | B16: 3. 전환 이벤트 | C16: 광고 전화(통화 광고확장) 전환 | D16: 검색 광고에 전화번호 확장 추가, 통화 시간 기준(예: 30초 이상)을 전환으로 설정 | F16: 미착수
... A30: 26 | B30: 8. 의료광고 규정 | C30: 의료광고 심의·표현 점검 | D30: 광고 문구와 영상이 의료법상 의료광고 규정(치료 경험담, 과장·비교 표현 금지 등)에 맞는지 확인하고 필요한 심의를 거치세요. 세부 사항은 대한의사협회 등 심의기관의 최신 기준을 확인하세요 | F30: 미착수
C32: 진행률 | D32: =COUNTIF(F5:F30,"완료")/(COUNTA(F5:F30)-COUNTIF(F5:F30,"해당없음")) -> 0
C33: ※ 구글애즈 화면 명칭은 업데이트로 바뀔 수 있습니다. 실제 메뉴와 다르면 구글애즈 도움말을 확인하세요.

Sheet 캠페인_월간
A1: 월별·캠페인별 광고 성과 입력
A2: 구글애즈 > 보고서에서 월 단위로 캠페인별 수치를 입력하세요. 노란 칸이 입력, 나머지는 자동 계산입니다. (2026-10 행은 가상의 예시)
A4: 월 (YYYY-MM) | B4: 광고 유형 | C4: 캠페인명 | D4: 광고비(원) | E4: 노출수 | F4: 클릭수 | G4: 동영상 조회수 | H4: 전환: 전화 | I4: 전환: 예약·상담신청 | J4: 전환: 보조(카톡·지도 등) | K4: 전환 합계 | L4: 클릭률(CTR) | M4: 클릭당 비용(CPC) | N4: 조회율(VTR) | O4: 조회당 비용(CPV) | P4: 전환당 비용(CPA) | Q4: 비고
A5: 2026-10 | B5: 검색광고 | C5: 척추 통증 지역키워드 | D5: 1200000 | E5: 18000 | F5: 540 | G5: 0 | H5: 12 | I5: 9 | J5: 20 | K5: =IF(COUNT(H5:J5)=0,"",SUM(H5:J5)) -> 41 | L5: =IF(OR(E5="",E5=0),"",F5/E5) -> 0.03 | M5: =IF(OR(F5="",F5=0),"",D5/F5) -> 2222.2222 | N5: =IF(OR(E5="",E5=0,G5=""),"",G5/E5) -> 0 | O5: =IF(OR(G5="",G5=0),"",D5/G5) | P5: =IF(OR(K5="",K5=0),"",D5/K5) -> 29268.293 | Q5: 예시
A6: 2026-10 | B6: 유튜브 인스트림 | C6: 치매 보호자 정보영상 | D6: 900000 | E6: 150000 | F6: 900 | G6: 32000 | H6: 3 | I6: 4 | J6: 15 | K6: =IF(COUNT(H6:J6)=0,"",SUM(H6:J6)) -> 22 | L6: =IF(OR(E6="",E6=0),"",F6/E6) -> 0.006 | M6: =IF(OR(F6="",F6=0),"",D6/F6) -> 1000 | N6: =IF(OR(E6="",E6=0,G6=""),"",G6/E6) -> 0.21333333 | O6: =IF(OR(G6="",G6=0),"",D6/G6) -> 28.125 | P6: =IF(OR(K6="",K6=0),"",D6/K6) -> 40909.091 | Q6: 예시
A7: 2026-10 | B7: 유튜브 알고리즘(디맨드젠) | C7: 관절 클리닉 소개 | D7: 700000 | E7: 90000 | F7: 630 | G7: 21000 | H7: 2 | I7: 3 | J7: 10 | K7: =IF(COUNT(H7:J7)=0,"",SUM(H7:J7)) -> 15 | L7: =IF(OR(E7="",E7=0),"",F7/E7) -> 0.007 | M7: =IF(OR(F7="",F7=0),"",D7/F7) -> 1111.1111 | N7: =IF(OR(E7="",E7=0,G7=""),"",G7/E7) -> 0.23333333 | O7: =IF(OR(G7="",G7=0),"",D7/G7) -> 33.333333 | P7: =IF(OR(K7="",K7=0),"",D7/K7) -> 46666.667 | Q7: 예시
K8: =IF(COUNT(H8:J8)=0,"",SUM(H8:J8)) | L8: =IF(OR(E8="",E8=0),"",F8/E8) | M8: =IF(OR(F8="",F8=0),"",D8/F8) | N8: =IF(OR(E8="",E8=0,G8=""),"",G8/E8) | O8: =IF(OR(G8="",G8=0),"",D8/G8) | P8: =IF(OR(K8="",K8=0),"",D8/K8)
K9: =IF(COUNT(H9:J9)=0,"",SUM(H9:J9)) | L9: =IF(OR(E9="",E9=0),"",F9/E9) | M9: =IF(OR(F9="",F9=0),"",D9/F9) | N9: =IF(OR(E9="",E9=0,G9=""),"",G9/E9) | O9: =IF(OR(G9="",G9=0),"",D9/G9) | P9: =IF(OR(K9="",K9=0),"",D9/K9)
K10: =IF(COUNT(H10:J10)=0,"",SUM(H10:J10)) | L10: =IF(OR(E10="",E10=0),"",F10/E10) | M10: =IF(OR(F10="",F10=0),"",D10/F10) | N10: =IF(OR(E10="",E10=0,G10=""),"",G10/E10) | O10: =IF(OR(G10="",G10=0),"",D10/G10) | P10: =IF(OR(K10="",K10=0),"",D10/K10)
K11: =IF(COUNT(H11:J11)=0,"",SUM(H11:J11)) | L11: =IF(OR(E11="",E11=0),"",F11/E11) | M11: =IF(OR(F11="",F11=0),"",D11/F11) | N11: =IF(OR(E11="",E11=0,G11=""),"",G11/E11) | O11: =IF(OR(G11="",G11=0),"",D11/G11) | P11: =IF(OR(K11="",K11=0),"",D11/K11)
K12: =IF(COUNT(H12:J12)=0,"",SUM(H12:J12)) | L12: =IF(OR(E12="",E12=0),"",F12/E12) | M12: =IF(OR(F12="",F12=0),"",D12/F12) | N12: =IF(OR(E12="",E12=0,G12=""),"",G12/E12) | O12: =IF(OR(G12="",G12=0),"",D12/G12) | P12: =IF(OR(K12="",K12=0),"",D12/K12)
K13: =IF(COUNT(H13:J13)=0,"",SUM(H13:J13)) | L13: =IF(OR(E13="",E13=0),"",F13/E13) | M13: =IF(OR(F13="",F13=0),"",D13/F13) | N13: =IF(OR(E13="",E13=0,G13=""),"",G13/E13) | O13: =IF(OR(G13="",G13=0),"",D13/G13) | P13: =IF(OR(K13="",K13=0),"",D13/K13)
K14: =IF(COUNT(H14:J14)=0,"",SUM(H14:J14)) | L14: =IF(OR(E14="",E14=0),"",F14/E14) | M14: =IF(OR(F14="",F14=0),"",D14/F14) | N14: =IF(OR(E14="",E14=0,G14=""),"",G14/E14) | O14: =IF(OR(G14="",G14=0),"",D14/G14) | P14: =IF(OR(K14="",K14=0),"",D14/K14)
K15: =IF(COUNT(H15:J15)=0,"",SUM(H15:J15)) | L15: =IF(OR(E15="",E15=0),"",F15/E15) | M15: =IF(OR(F15="",F15=0),"",D15/F15) | N15: =IF(OR(E15="",E15=0,G15=""),"",G15/E15) | O15: =IF(OR(G15="",G15=0),"",D15/G15) | P15: =IF(OR(K15="",K15=0),"",D15/K15)
K16: =IF(COUNT(H16:J16)=0,"",SUM(H16:J16)) | L16: =IF(OR(E16="",E16=0),"",F16/E16) | M16: =IF(OR(F16="",F16=0),"",D16/F16) | N16: =IF(OR(E16="",E16=0,G16=""),"",G16/E16) | O16: =IF(OR(G16="",G16=0),"",D16/G16) | P16: =IF(OR(K16="",K16=0),"",D16/K16)
K17: =IF(COUNT(H17:J17)=0,"",SUM(H17:J17)) | L17: =IF(OR(E17="",E17=0),"",F17/E17) | M17: =IF(OR(F17="",F17=0),"",D17/F17) | N17: =IF(OR(E17="",E17=0,G17=""),"",G17/E17) | O17: =IF(OR(G17="",G17=0),"",D17/G17) | P17: =IF(OR(K17="",K17=0),"",D17/K17)
K18: =IF(COUNT(H18:J18)=0,"",SUM(H18:J18)) | L18: =IF(OR(E18="",E18=0),"",F18/E18) | M18: =IF(OR(F18="",F18=0),"",D18/F18) | N18: =IF(OR(E18="",E18=0,G18=""),"",G18/E18) | O18: =IF(OR(G18="",G18=0),"",D18/G18) | P18: =IF(OR(K18="",K18=0),"",D18/K18)
K19: =IF(COUNT(H19:J19)=0,"",SUM(H19:J19)) | L19: =IF(OR(E19="",E19=0),"",F19/E19) | M19: =IF(OR(F19="",F19=0),"",D19/F19) | N19: =IF(OR(E19="",E19=0,G19=""),"",G19/E19) | O19: =IF(OR(G19="",G19=0),"",D19/G19) | P19: =IF(OR(K19="",K19=0),"",D19/K19)
... K64: =IF(COUNT(H64:J64)=0,"",SUM(H64:J64)) | L64: =IF(OR(E64="",E64=0),"",F64/E64) | M64: =IF(OR(F64="",F64=0),"",D64/F64) | N64: =IF(OR(E64="",E64=0,G64=""),"",G64/E64) | O64: =IF(OR(G64="",G64=0),"",D64/G64) | P64: =IF(OR(K64="",K64=0),"",D64/K64)
A66: ※ 예시 행은 형식 안내용 가상 수치입니다. 검색광고는 동영상 조회수를 비워 두세요. 시트 하단에 행을 추가하려면 마지막 행을 복사해 붙여넣으세요(수식 범위는 5~64행).

Sheet 월간요약
A1: 월간 광고 성과 요약
A2: 캠페인_월간 시트의 합계는 자동 계산됩니다. 노란 칸(신환 수, 브랜드 검색량, 구독자 증가)은 병원에서 직접 입력하세요.
A3: 신환 1명당 평균 수익(원) | C3: 1500000 | D3: ← 가정값(예시). 병원 실제 신환 1명당 평균 진료수익으로 교체하세요. 계산 방식은 원무팀 기준을 따르세요.
A5: 월 (YYYY-MM) | B5: 총 광고비(원) | C5: 검색광고비 | D5: 유튜브 광고비 | E5: 총 클릭수 | F5: 총 조회수 | G5: 전환 합계 | H5: 전환당 비용(CPA) | I5: 광고 유입 신환 수 (문진·예약 기록) | J5: 신환 1명 확보 비용 | K5: 예상 신환 수익(원) | L5: 광고수익률(ROAS) | M5: 브랜드 검색량 ("S서울병원" 월 검색 수) | N5: 브랜드 검색 전월 대비 | O5: 채널 구독자 증가 수
A6: 2026-10 | B6: =SUMIFS(캠페인_월간!$D$5:$D$64,캠페인_월간!$A$5:$A$64,$A6) -> 2800000 | C6: =SUMIFS(캠페인_월간!$D$5:$D$64,캠페인_월간!$A$5:$A$64,$A6,캠페인_월간!$B$5:$B$64,"검색광고") -> 1200000 | D6: =SUMIFS(캠페인_월간!$D$5:$D$64,캠페인_월간!$A$5:$A$64,$A6,캠페인_월간!$B$5:$B$64,"유튜브*") -> 1600000 | E6: =SUMIFS(캠페인_월간!$F$5:$F$64,캠페인_월간!$A$5:$A$64,$A6) -> 2070 | F6: =SUMIFS(캠페인_월간!$G$5:$G$64,캠페인_월간!$A$5:$A$64,$A6) -> 53000 | G6: =SUMIFS(캠페인_월간!$K$5:$K$64,캠페인_월간!$A$5:$A$64,$A6) -> 78 | H6: =IF(G6=0,"",B6/G6) -> 35897.436 | I6: 14 | J6: =IF(OR(I6="",I6=0),"",B6/I6) -> 200000 | K6: =IF(I6="","",I6*$C$3) -> 21000000 | L6: =IF(OR(K6="",B6=0),"",K6/B6) -> 7.5 | M6: 820 | N6: ="" | O6: 35
A7: 2026-11 | B7: =SUMIFS(캠페인_월간!$D$5:$D$64,캠페인_월간!$A$5:$A$64,$A7) -> 0 | C7: =SUMIFS(캠페인_월간!$D$5:$D$64,캠페인_월간!$A$5:$A$64,$A7,캠페인_월간!$B$5:$B$64,"검색광고") -> 0 | D7: =SUMIFS(캠페인_월간!$D$5:$D$64,캠페인_월간!$A$5:$A$64,$A7,캠페인_월간!$B$5:$B$64,"유튜브*") -> 0 | E7: =SUMIFS(캠페인_월간!$F$5:$F$64,캠페인_월간!$A$5:$A$64,$A7) -> 0 | F7: =SUMIFS(캠페인_월간!$G$5:$G$64,캠페인_월간!$A$5:$A$64,$A7) -> 0 | G7: =SUMIFS(캠페인_월간!$K$5:$K$64,캠페인_월간!$A$5:$A$64,$A7) -> 0 | H7: =IF(G7=0,"",B7/G7) | J7: =IF(OR(I7="",I7=0),"",B7/I7) | K7: =IF(I7="","",I7*$C$3) | L7: =IF(OR(K7="",B7=0),"",K7/B7) | N7: =IF(OR(M7="",M6="",M6=0),"",M7/M6-1)
A8: 2026-12 | B8: =SUMIFS(캠페인_월간!$D$5:$D$64,캠페인_월간!$A$5:$A$64,$A8) -> 0 | C8: =SUMIFS(캠페인_월간!$D$5:$D$64,캠페인_월간!$A$5:$A$64,$A8,캠페인_월간!$B$5:$B$64,"검색광고") -> 0 | D8: =SUMIFS(캠페인_월간!$D$5:$D$64,캠페인_월간!$A$5:$A$64,$A8,캠페인_월간!$B$5:$B$64,"유튜브*") -> 0 | E8: =SUMIFS(캠페인_월간!$F$5:$F$64,캠페인_월간!$A$5:$A$64,$A8) -> 0 | F8: =SUMIFS(캠페인_월간!$G$5:$G$64,캠페인_월간!$A$5:$A$64,$A8) -> 0 | G8: =SUMIFS(캠페인_월간!$K$5:$K$64,캠페인_월간!$A$5:$A$64,$A8) -> 0 | H8: =IF(G8=0,"",B8/G8) | J8: =IF(OR(I8="",I8=0),"",B8/I8) | K8: =IF(I8="","",I8*$C$3) | L8: =IF(OR(K8="",B8=0),"",K8/B8) | N8: =IF(OR(M8="",M7="",M7=0),"",M8/M7-1)
A9: 2027-01 | B9: =SUMIFS(캠페인_월간!$D$5:$D$64,캠페인_월간!$A$5:$A$64,$A9) -> 0 | C9: =SUMIFS(캠페인_월간!$D$5:$D$64,캠페인_월간!$A$5:$A$64,$A9,캠페인_월간!$B$5:$B$64,"검색광고") -> 0 | D9: =SUMIFS(캠페인_월간!$D$5:$D$64,캠페인_월간!$A$5:$A$64,$A9,캠페인_월간!$B$5:$B$64,"유튜브*") -> 0 | E9: =SUMIFS(캠페인_월간!$F$5:$F$64,캠페인_월간!$A$5:$A$64,$A9) -> 0 | F9: =SUMIFS(캠페인_월간!$G$5:$G$64,캠페인_월간!$A$5:$A$64,$A9) -> 0 | G9: =SUMIFS(캠페인_월간!$K$5:$K$64,캠페인_월간!$A$5:$A$64,$A9) -> 0 | H9: =IF(G9=0,"",B9/G9) | J9: =IF(OR(I9="",I9=0),"",B9/I9) | K9: =IF(I9="","",I9*$C$3) | L9: =IF(OR(K9="",B9=0),"",K9/B9) | N9: =IF(OR(M9="",M8="",M8=0),"",M9/M8-1)
A10: 2027-02 | B10: =SUMIFS(캠페인_월간!$D$5:$D$64,캠페인_월간!$A$5:$A$64,$A10) -> 0 | C10: =SUMIFS(캠페인_월간!$D$5:$D$64,캠페인_월간!$A$5:$A$64,$A10,캠페인_월간!$B$5:$B$64,"검색광고") -> 0 | D10: =SUMIFS(캠페인_월간!$D$5:$D$64,캠페인_월간!$A$5:$A$64,$A10,캠페인_월간!$B$5:$B$64,"유튜브*") -> 0 | E10: =SUMIFS(캠페인_월간!$F$5:$F$64,캠페인_월간!$A$5:$A$64,$A10) -> 0 | F10: =SUMIFS(캠페인_월간!$G$5:$G$64,캠페인_월간!$A$5:$A$64,$A10) -> 0 | G10: =SUMIFS(캠페인_월간!$K$5:$K$64,캠페인_월간!$A$5:$A$64,$A10) -> 0 | H10: =IF(G10=0,"",B10/G10) | J10: =IF(OR(I10="",I10=0),"",B10/I10) | K10: =IF(I10="","",I10*$C$3) | L10: =IF(OR(K10="",B10=0),"",K10/B10) | N10: =IF(OR(M10="",M9="",M9=0),"",M10/M9-1)
A11: 2027-03 | B11: =SUMIFS(캠페인_월간!$D$5:$D$64,캠페인_월간!$A$5:$A$64,$A11) -> 0 | C11: =SUMIFS(캠페인_월간!$D$5:$D$64,캠페인_월간!$A$5:$A$64,$A11,캠페인_월간!$B$5:$B$64,"검색광고") -> 0 | D11: =SUMIFS(캠페인_월간!$D$5:$D$64,캠페인_월간!$A$5:$A$64,$A11,캠페인_월간!$B$5:$B$64,"유튜브*") -> 0 | E11: =SUMIFS(캠페인_월간!$F$5:$F$64,캠페인_월간!$A$5:$A$64,$A11) -> 0 | F11: =SUMIFS(캠페인_월간!$G$5:$G$64,캠페인_월간!$A$5:$A$64,$A11) -> 0 | G11: =SUMIFS(캠페인_월간!$K$5:$K$64,캠페인_월간!$A$5:$A$64,$A11) -> 0 | H11: =IF(G11=0,"",B11/G11) | J11: =IF(OR(I11="",I11=0),"",B11/I11) | K11: =IF(I11="","",I11*$C$3) | L11: =IF(OR(K11="",B11=0),"",K11/B11) | N11: =IF(OR(M11="",M10="",M10=0),"",M11/M10-1)
A12: 합계 | B12: =SUM(B6:B11) -> 2800000 | C12: =SUM(C6:C11) -> 1200000 | D12: =SUM(D6:D11) -> 1600000 | E12: =SUM(E6:E11) -> 2070 | F12: =SUM(F6:F11) -> 53000 | G12: =SUM(G6:G11) -> 78 | H12: =IF(G12=0,"",B12/G12) -> 35897.436 | I12: =SUM(I6:I11) -> 14 | J12: =IF(I12=0,"",B12/I12) -> 200000 | K12: =SUM(K6:K11) -> 21000000 | L12: =IF(B12=0,"",K12/B12) -> 7.5
A14: 해석 가이드
A15: • 전환당 비용(CPA)이 계속 오르면 키워드·타게팅·랜딩페이지를 점검하세요.
A16: • 유튜브·알고리즘 광고는 직접 전환이 적어도 브랜드 검색량과 구독자가 늘면 인지도 효과가 있다고 볼 수 있습니다.
A17: • 광고수익률(ROAS)은 평균 수익 가정에 민감합니다. 1배 미만이어도 재진·수술 연계 가치를 감안해 판단하세요.
A18: • 한두 달 수치로 결론 내지 말고 최소 3개월 추세를 보세요. 알고리즘 광고는 초기 2~4주 학습 기간이 필요합니다.
A19: • 6~11행의 월은 YYYY-MM 텍스트로 입력합니다. 캠페인_월간 시트의 월 표기와 정확히 같아야 합계가 집계됩니다.
